Date,Assets,Short-term liabilities,Long-term liabilities,Liabilities,Equity,Name,Month,Default_Point,asset_vol
2005/1/1,531379,423795,80696,504491,26888,GS,1,464143,0.355190678
2006/1/1,706804,575631,100007,675638,31166,GS,1,625634.5,0.353633537
2007/1/1,838201,653439,148976,802415,40545,GS,1,727927,0.349142979
2008/1/1,1119796,872257,197474,1069731,50065,GS,1,970994,0.345801699
2009/1/1,884547,632857,186227,819084,66012,GS,1,725970.5,0.351395704
2010/1/1,848942,580980,196288,777268,71674,GS,1,679124,0.346813594
2011/1/1,911332,644857,188247,833104,78228,GS,1,738980.5,0.355976934
2012/1/1,923225,669672,181724,851396,71829,GS,1,760534,0.358113008
2013/1/1,938555,686061,176270,862331,76224,GS,1,774196,0.362212811
2014/1/1,911507,664225,168489,832714,78793,GS,1,748469.5,0.364428779
2015/1/1,856240,598219,174820,773039,83201,GS,1,685629,0.363264497
2016/1/1,861395,588266,185942,774208,87187,GS,1,681237,0.360117108
2017/1/1,860165,560913,211853,772766,87399,GS,1,666839.5,0.348475803
2018/1/1,916776,590032,244501,834533,82243,GS,1,712282.5,0.337262599
2019/1/1,931796,587977,253634,841611,90185,GS,1,714794,0.337361697
2020/1/1,992968,674360,228343,902703,90265,GS,1,788531.5,0.352340296
2021/1/1,1163028,831506,235590,1067096,95932,GS,1,949301,0.359126305
2005/3/31,596149,472525,95577,568102,28047,GS,3,520313.5,0.350764655
2006/3/31,758821,611748,114651,726399,32422,GS,3,669073.5,0.349667694
2007/3/31,919806,718593,157002,875595,47426,GS,3,797094,0.351863253
2008/3/31,1189006,926638,212052,1138690,50316,GS,3,1032664,0.343754683
2009/3/31,925290,657281,203382,860663,64627,GS,3,758972,0.345708955
2010/3/31,880528,612991,193609,806600,73928,GS,3,709795.5,0.350405393
2011/3/31,933289,676885,183053,859938,73351,GS,3,768411.5,0.356684061
2012/3/31,950932,698496,179403,877899,73033,GS,3,788197.5,0.360151099
2013/3/31,959223,705584,175979,881563,77660,GS,3,793573.5,0.363927524
2014/3/31,915665,663793,172499,836292,79373,GS,3,750042.5,0.363340663
2015/3/31,865458,606471,173441,779912,85546,GS,3,693191.5,0.364599808
2016/3/31,878036,586314,204498,790812,87224,GS,3,688563,0.353561177
2017/3/31,894069,584923,221686,806609,87460,GS,3,695766,0.347024942
2018/3/31,973535,640390,248938,889328,84207,GS,3,764859,0.339856849
2019/3/31,925349,603249,230262,833511,91838,GS,3,718380,0.346822651
2020/3/31,1089756,765407,231970,997377,92379,GS,3,881392,0.357155936
2021/3/31,1301548,962412,241472,1203884,97664,GS,3,1083148,0.36075756
2005/6/30,624472,500354,95129,595483,28989,GS,6,547918.5,0.352453539
2006/6/30,798884,637679,125590,763269,35615,GS,6,700474,0.349240251
2007/6/30,943196,737484,167253,904737,47176,GS,6,821110.5,0.352228881
2008/6/30,1088145,831667,207973,1039640,48505,GS,6,935653.5,0.341266106
2009/6/30,889544,618493,207300,825793,63751,GS,6,722143,0.341676254
2010/6/30,883188,617416,190984,808400,74788,GS,6,712908,0.352929576
2011/6/30,936910,680141,183221,863362,73548,GS,6,771751.5,0.35749882
2012/6/30,948638,698222,176338,874560,74078,GS,6,786391,0.362186729
2013/6/30,938456,690355,169717,860072,78384,GS,6,775213.5,0.364616944
2014/6/30,859914,604614,173458,778072,81842,GS,6,691343,0.36213665
2015/6/30,859879,589609,181964,771573,88306,GS,6,680591,0.361725351
2016/6/30,896843,605214,204715,809929,86914,GS,6,707571.5,0.354984937
2017/6/30,906518,591256,228065,819321,87197,GS,6,705288.5,0.345212233
2018/6/30,968610,625696,254951,880647,87963,GS,6,753171.5,0.33849423
2019/6/30,944903,602715,249702,852417,92486,GS,6,727566,0.341474894
2020/6/30,1141523,791461,260033,1051494,90029,GS,6,921477.5,0.350095904
2021/6/30,1387922,1023316,262716,1286032,101890,GS,6,1154674,0.359377533
2005/9/30,669518,538228,101605,639833,29685,GS,9,589030.5,0.351040648
2006/9/30,798309,631164,129331,760495,37814,GS,9,695829.5,0.350019878
2007/9/30,1045778,817680,188980,1006660,48025,GS,9,912170,0.348895995
2008/9/30,1081773,830577,201976,1032553,49220,GS,9,931565,0.342971713
2009/9/30,882185,611569,204305,815874,66311,GS,9,713721.5,0.34360576
2010/9/30,908679,635109,197067,832176,76503,GS,9,733642.5,0.352946211
2011/9/30,948909,692326,185020,877346,71563,GS,9,784836,0.357277828
2012/9/30,949207,697960,176221,874181,75026,GS,9,786070.5,0.362378735
2013/9/30,923223,669324,175875,845199,78024,GS,9,757261.5,0.361914203
2014/9/30,868933,613908,172357,786265,82668,GS,9,700086.5,0.363585801
2015/9/30,880559,605579,186859,792438,88121,GS,9,699008.5,0.360718488
2016/9/30,879987,580927,211512,792439,87548,GS,9,686683,0.350920138
2017/9/30,930132,605717,237555,843272,86860,GS,9,724494.5,0.342888422
2018/9/30,957190,610664,258280,868944,88246,GS,9,739804,0.336224312
2019/9/30,1007320,665528,248117,913645,93675,GS,9,789586.5,0.346991661
2020/9/30,1132059,798187,241222,1039409,92650,GS,9,918798,0.355665661
2021/9/30,1443230,1067046,269887,1336933,106297,GS,9,1201989.5,0.35977088
2005/1/1,747334,623776,95286,719062,28272,MS,1,671419,0.35359289
2006/1/1,898523,758810,110465,869275,29248,MS,1,814042.5,0.350632868
2007/1/1,1121192,959058,126704,1085762,35430,MS,1,1022410,0.351976037
2008/1/1,1045409,854324,159816,1014140,31269,MS,1,934232,0.342667229
2009/1/1,658812,444544,163437,607981,50831,MS,1,526262.5,0.339534804
2010/1/1,771462,525308,193374,718682,52780,MS,1,621995,0.334516737
2011/1/1,807698,549834,192457,742291,65407,MS,1,646062.5,0.343499369
2012/1/1,749898,495586,184234,679820,70078,MS,1,587703,0.347206279
2013/1/1,780960,541652,169571,711223,69737,MS,1,626437.5,0.355553761
2014/1/1,832702,610097,153575,763672,69030,MS,1,686884.5,0.363124813
2015/1/1,801510,576634,152772,729406,72104,MS,1,653020,0.365255972
2016/1/1,787465,557513,153768,711281,76184,MS,1,634397,0.365807332
2017/1/1,814949,572056,165716,737772,77177,MS,1,654914,0.36153194
2018/1/1,851733,580685,192582,773267,78466,MS,1,676976,0.352417899
2019/1/1,853531,582463,189662,772125,81406,MS,1,677294,0.35497352
2020/1/1,895429,616090,196642,812732,82697,MS,1,714411,0.356432556
2021/1/1,1115862,791148,221565,1012713,103149,MS,1,901930.5,0.364285945
2005/3/31,802210,679980,93669,773649,28561,MS,3,726814.5,0.354602843
2006/3/31,959613,825358,104066,929424,30189,MS,3,877391,0.352668321
2007/3/31,1182061,1004789,139318,1144107,37954,MS,3,1074448,0.351398997
2008/3/31,1090896,892686,164930,1057616,33280,MS,3,975151,0.343333576
2009/3/31,626023,394708,182108,576816,49207,MS,3,485762,0.324722621
2010/3/31,819719,575337,189203,764540,55179,MS,3,669938.5,0.340448349
2011/3/31,836185,573541,196136,769677,66508,MS,3,671609,0.344355674
2012/3/31,781030,533715,176723,710438,70592,MS,3,622076.5,0.352865863
2013/3/31,801383,565744,165142,730886,70497,MS,3,648315,0.359255507
2014/3/31,831381,607739,153374,761113,70268,MS,3,684426,0.363758941
2015/3/31,829099,598088,155545,753633,75466,MS,3,675860.5,0.366124109
2016/3/31,807497,567518,162804,730322,77175,MS,3,648920,0.363324728
2017/3/31,832391,580619,172688,753307,79084,MS,3,666963,0.360467057
2018/3/31,858495,584042,194964,779006,79489,MS,3,681524,0.35187866
2019/3/31,875964,599280,194792,794072,81892,MS,3,696676,0.354468567
2020/3/31,947795,665711,194856,860567,87228,MS,3,763139,0.36231658
2021/3/31,1158772,835358,215826,1051184,107588,MS,3,943271,0.367841808
2005/6/30,818711,705387,84928,790315,28396,MS,6,747851,0.356964523
2006/6/30,1027043,881368,113354,994722,32321,MS,6,938045,0.352303871
2007/6/30,1199993,1012743,147739,1160482,39511,MS,6,1086612.5,0.350629197
2008/6/30,1031228,786011,210724,996735,34493,MS,6,891373,0.331551638
2009/6/30,676957,438702,186792,625494,51463,MS,6,532098,0.328722575
2010/6/30,809456,567487,182810,750297,59159,MS,6,658892,0.34534655
2011/6/30,830747,566498,196106,762604,68143,MS,6,664551,0.345411801
2012/6/30,748517,509052,167828,676880,71637,MS,6,592966,0.355994325
2013/6/30,802691,575479,161098,736577,66114,MS,6,656028,0.357649348
2014/6/30,826568,604884,149483,754367,72201,MS,6,679625.5,0.366221477
2015/6/30,825755,591599,158089,749688,76067,MS,6,670643.5,0.365040126
2016/6/30,828873,587006,163492,750498,78375,MS,6,668752,0.364987938
2017/6/30,841016,576937,184112,761049,79967,MS,6,668993,0.356490828
2018/6/30,875875,603125,192244,795369,80506,MS,6,699247,0.3543027
2019/6/30,891959,607037,202077,809114,82845,MS,6,708075.5,0.353484744
2020/6/30,975363,681890,205464,887354,88009,MS,6,784622,0.36009549
2021/6/30,1161805,829501,224142,1053643,108162,MS,6,941572,0.366227268
2005/9/30,837391,718976,90123,809099,28292,MS,9,764037.5,0.355092031
2006/9/30,1028872,878916,115718,994634,34238,MS,9,936775,0.353539068
2007/9/30,1185131,997651,152230,1149881,35250,MS,9,1073766,0.347401356
2008/9/30,987403,749311,202327,951638,35765,MS,9,850474.5,0.332944521
2009/9/30,769503,520842,196437,717279,52224,MS,9,619060.5,0.33305555
2010/9/30,841372,579299,196491,775790,65582,MS,9,677544.5,0.345053048
2011/9/30,794939,535752,189093,724845,70094,MS,9,630298.5,0.347814131
2012/9/30,764985,527069,168444,695513,69472,MS,9,611291,0.355434154
2013/9/30,832223,606177,157805,763982,68241,MS,9,685079.5,0.361185462
2014/9/30,814511,588143,152357,740500,74011,MS,9,664321.5,0.365839257
2015/9/30,834113,597350,160343,757693,76420,MS,9,677521.5,0.364641712
2016/9/30,813891,571502,163927,735429,78462,MS,9,653465.5,0.363689152
2017/9/30,853693,581902,191677,773579,80114,MS,9,677740.5,0.354001296
2018/9/30,865517,594554,190889,785443,80074,MS,9,689998.5,0.353875326
2019/9/30,902604,621045,198009,819054,83550,MS,9,720049.5,0.356322468
2020/9/30,955940,662678,203444,866122,89818,MS,9,764400,0.360211994
2021/9/30,1190476,853595,229762,1083357,107119,MS,9,968476,0.364568655
2005/1/1,1157248,838018,213577,1051595,105653,JPM,1,944806.5,0.364389727
2006/1/1,1198942,854050,237681,1091731,107211,JPM,1,972890.5,0.358539465
2007/1/1,1351520,981043,254687,1235730,115790,JPM,1,1108386.5,0.359994295
2008/1/1,1562147,1052407,386519,1438926,123221,JPM,1,1245666.5,0.339338255
2009/1/1,2175052,1605797,402371,2008168,166884,JPM,1,1806982.5,0.360057521
2010/1/1,2031989,1529341,337283,1866624,165365,JPM,1,1697982.5,0.367153712
2011/1/1,2117605,1558872,382627,1941499,176106,JPM,1,1750185.5,0.363470553
2012/1/1,2265792,1737559,344660,2082219,183573,JPM,1,1909889,0.373772515
2013/1/1,2359141,1816221,338851,2155072,204069,JPM,1,1985646.5,0.378736081
2014/1/1,2415689,1859011,345500,2204511,211178,JPM,1,2031761,0.378454532
2015/1/1,2573126,1982140,358921,2341061,232065,JPM,1,2161600.5,0.382189256
2016/1/1,2351698,1752490,351635,2104125,247573,JPM,1,1928307.5,0.384705289
2017/1/1,2490972,1902490,334292,2236782,254190,JPM,1,2069636,0.387862806
2018/1/1,2533600,1967746,310161,2277907,255693,JPM,1,2122826.5,0.391006193
2019/1/1,2622532,2063745,302272,2366017,256515,JPM,1,2214881,0.392133648
2020/1/1,2687379,2116710,309339,2426049,261330,JPM,1,2271379.5,0.393496601
2021/1/1,3384757,2806140,299263,3105403,279354,JPM,1,2955771.5,0.395269919
2005/3/31,1178305,855337,217628,1072965,105340,JPM,3,964151,0.363519427
2006/3/31,1273282,923022,241923,1164945,108337,JPM,3,1043983.5,0.35891095
2007/3/31,1460018,1025875,265339,1291214,117704,JPM,3,1158544.5,0.33703998
2008/3/31,1642862,1225501,291734,1517235,125627,JPM,3,1371368,0.361134896
2009/3/31,2079188,1525218,383776,1908994,170194,JPM,3,1717106,0.362001136
2010/3/31,2135796,1566182,404893,1971075,164721,JPM,3,1768628.5,0.357693622
2011/3/31,2198161,1640326,377237,2017563,180598,JPM,3,1828944.5,0.366088235
2012/3/31,2320164,1779998,350897,2130895,189269,JPM,3,1955446.5,0.374146497
2013/3/31,2389349,1828402,353861,2182263,207086,JPM,3,2005332.5,0.37779728
2014/3/31,2476986,1904080,353251,2257331,219655,JPM,3,2080705.5,0.379134772
2015/3/31,2577148,1980550,360734,2341284,235864,JPM,3,2160917,0.382076794
2016/3/31,2423808,1824521,349130,2173651,250157,JPM,3,1999086,0.385898415
2017/3/31,2546290,1939911,350516,2290427,255863,JPM,3,2115169,0.386311404
2018/3/31,2609785,2057551,296033,2353584,256201,JPM,3,2205567.5,0.392435319
2019/3/31,2737188,2160503,316848,2477351,259837,JPM,3,2318927,0.390852888
2020/3/31,3139431,2559195,318974,2878169,261262,JPM,3,2718682,0.392138466
2021/3/31,3689336,3113524,295098,3408622,280714,JPM,3,3261073,0.393463357
2005/6/30,1171283,845567,220331,1065898,105385,JPM,6,955732.5,0.362486951
2006/6/30,1328001,971478,245839,1217317,110684,JPM,6,1094397.5,0.359920893
2007/6/30,1458042,1080512,258319,1338831,119211,JPM,6,1209671.5,0.362203681
2008/6/30,1775670,1367516,274978,1642494,133176,JPM,6,1505005,0.367255826
2009/6/30,2026642,1505024,366852,1871876,154766,JPM,6,1688450,0.360332125
2010/6/30,2014019,1466006,376893,1842899,171120,JPM,6,1654452.5,0.362730338
2011/6/30,2246764,1747604,316281,2063885,182879,JPM,6,1905744.5,0.376198134
2012/6/30,2290146,1746887,351687,2098574,191572,JPM,6,1922730.5,0.374956625
2013/6/30,2439494,1879890,350365,2230255,209239,JPM,6,2055072.5,0.377587424
2014/6/30,2520336,1926266,366756,2293022,227314,JPM,6,2109644,0.378981613
2015/6/30,2449599,1852595,355799,2208394,241205,JPM,6,2030494.5,0.383077074
2016/6/30,2466096,1837543,376130,2213673,252423,JPM,6,2025608,0.383209239
2017/6/30,2563174,1949884,354807,2304691,258483,JPM,6,2127287.5,0.386187526
2018/6/30,2590050,2038155,294437,2332592,257458,JPM,6,2185373.5,0.392899644
2019/6/30,2727379,2149710,314454,2464164,263215,JPM,6,2306937,0.39239675
2020/6/30,3213115,2610818,337831,2948649,264466,JPM,6,2779733.5,0.390729159
2021/6/30,3684256,3083541,314329,3397870,286386,JPM,6,3240705.5,0.393339637
2005/9/30,1254333,873356,223542,1096898,106135,JPM,9,985127,0.335527298
2006/9/30,1338029,975351,249117,1224468,113561,JPM,9,1099909.5,0.360708847
2007/9/30,1479575,1098225,261372,1359597,119978,JPM,9,1228911,0.362435523
2008/9/30,2251469,1808747,296879,2105626,145843,JPM,9,1957186.5,0.368933149
2009/9/30,2041009,1537886,340870,1878756,162253,JPM,9,1708321,0.366264516
2010/9/30,2141595,1583096,384669,1967765,173830,JPM,9,1775430.5,0.364012455
2011/9/30,2289240,1737976,368977,2106953,182287,JPM,9,1922464.5,0.369851372
2012/9/30,2321284,1800278,321313,2121591,199693,JPM,9,1960934.5,0.380575004
2013/9/30,2463309,1913973,342666,2256639,206670,JPM,9,2085306,0.378215323
2014/9/30,2527005,1947551,348177,2295728,231277,JPM,9,2121639.5,0.382380859
2015/9/30,2417121,1802541,368852,2171393,245728,JPM,9,1986967,0.381930968
2016/9/30,2521029,1890568,376130,2266698,254331,JPM,9,2078633,0.383225079
2017/9/30,2563074,1957967,346725,2304692,258382,JPM,9,2131329.5,0.38711883
2018/9/30,2615183,2065862,290365,2356227,258956,JPM,9,2211044.5,0.393339666
2019/9/30,2764661,2185326,314987,2500313,264348,JPM,9,2342819.5,0.392878853
2020/9/30,3246076,2676597,298366,2974963,271113,JPM,9,2825780,0.394992784
2021/9/30,3757576,3155813,311722,3467535,290041,JPM,9,3311674,0.393301938
2005/1/1,1484101,1050730,324080,1374810,109291,Citi,1,1212770,0.346365731
2006/1/1,1494037,1132427,249073,1381500,112537,Citi,1,1256963.5,0.362996031
2007/1/1,1884318,1431634,332901,1764535,119783,Citi,1,1598084.5,0.354077782
2008/1/1,2211008,1644663,429370,2074033,113447,Citi,1,1859348,0.338204101
2009/1/1,1938470,1433035,363805,1796840,141630,Citi,1,1614937.5,0.357610255
2010/1/1,1856646,1304583,397090,1701673,154973,Citi,1,1503128,0.35234116
2011/1/1,1913902,1365592,382521,1748113,165789,Citi,1,1556852.5,0.358517594
2012/1/1,1873878,1385435,308870,1694305,179573,Citi,1,1539870,0.375985436
2013/1/1,1864660,1409036,264627,1673663,190997,Citi,1,1541349.5,0.386098756
2014/1/1,1880382,1436622,237627,1674249,206133,Citi,1,1555435.5,0.39333326
2015/1/1,1842181,1322321,308164,1630485,211696,Citi,1,1476403,0.382352706
2016/1/1,1731210,1299596,208522,1508118,223092,Citi,1,1403857,0.403569587
2017/1/1,1792077,1353625,212309,1565934,226143,Citi,1,1459779.5,0.402543214
2018/1/1,1842465,1386940,253853,1640793,201672,Citi,1,1513866.5,0.389237277
2019/1/1,1917383,1432160,288149,1720309,197074,Citi,1,1576234.5,0.382485636
2020/1/1,1951158,1451274,305938,1757212,193946,Citi,1,1604243,0.380523706
2021/1/1,2260090,1729012,330878,2059890,200200,Citi,1,1894451,0.380009427
2005/3/31,1489891,1073933,357579,1431512,110536,Citi,3,1252722.5,0.361879034
2006/3/31,1586201,1249228,290854,1540082,114418,Citi,3,1394655,0.38167172
2007/3/31,2020966,1580185,392889,1973074,122083,Citi,3,1776629.5,0.368772839
2008/3/31,2199848,1544151,527478,2071629,128219,Citi,3,1807890,0.333816339
2009/3/31,1822578,1253664,422987,1676651,145927,Citi,3,1465157.5,0.345612105
2010/3/31,2002213,1330308,518126,1848434,153779,Citi,3,1589371,0.334666634
2011/3/31,1947815,1329050,445372,1774422,173393,Citi,3,1551736,0.349684852
2012/3/31,1944423,1380553,380147,1760700,183723,Citi,3,1570626.5,0.364908926
2013/3/31,1881734,1430233,256162,1686395,195339,Citi,3,1558314,0.389050127
2014/3/31,1894736,1436189,248305,1684494,210242,Citi,3,1560341.5,0.392226309
2015/3/31,1831801,1332813,282965,1615778,216023,Citi,3,1474295.5,0.387382898
2016/3/31,1800967,1340795,231411,1572206,228761,Citi,3,1456500.5,0.400151594
2017/3/31,1821635,1346972,245510,1592482,229153,Citi,3,1469727,0.396785825
2018/3/31,1922104,1459518,259720,1719238,202866,Citi,3,1589378,0.388272685
2019/3/31,1958413,1459801,301597,1761398,197015,Citi,3,1610599.5,0.380550653
2020/3/31,2219770,1700549,326239,2026788,192982,Citi,3,1863668.5,0.379656702
2021/3/31,2314266,1792254,318739,2110993,203273,Citi,3,1951623.5,0.381707933
2005/6/30,1547789,1133657,359013,1492670,113037,Citi,6,1313163.5,0.365212107
2006/6/30,1626551,1267595,310290,1577885,115428,Citi,6,1422740,0.377764884
2007/6/30,2220866,1647563,445549,2093112,127754,Citi,6,1870337.5,0.34414635
2008/6/30,2100385,1450094,513886,1963980,136405,Citi,6,1707037,0.334660448
2009/6/30,1848533,1250654,443711,1694365,154168,Citi,6,1472509.5,0.343585161
2010/6/30,1937656,1288590,491736,1780326,157330,Citi,6,1534458,0.338896456
2011/6/30,1956626,1352594,425387,1777981,178645,Citi,6,1565287.5,0.355046519
2012/6/30,1916451,1375808,354804,1730612,185839,Citi,6,1553210,0.369994313
2013/6/30,1883988,1452913,233249,1686162,197826,Citi,6,1569537.5,0.392418905
2014/6/30,1909715,1421664,274952,1696616,213099,Citi,6,1559140,0.388097559
2015/6/30,1829370,1313618,294927,1608545,220825,Citi,6,1461081.5,0.385665748
2016/6/30,1818771,1336322,249428,1585750,233021,Citi,6,1461036,0.397933698
2017/6/30,1864063,1365634,267322,1632956,231107,Citi,6,1499295,0.393034698
2018/6/30,1912334,1442608,268758,1711366,200968,Citi,6,1576987,0.38624635
2019/6/30,1988226,1475751,314365,1790116,198110,Citi,6,1632933.5,0.379463712
2020/6/30,2232715,1699369,341044,2040413,192302,Citi,6,1869891,0.377596427
2021/6/30,2327868,1797682,327276,2124958,202910,Citi,6,1961320,0.381024912
2005/9/30,1472793,1145587,279747,1425334,111837,Citi,9,1285460.5,0.382832271
2006/9/30,1746248,1362885,332404,1695289,117865,Citi,9,1529087,0.374882289
2007/9/30,2358266,1871891,473177,2345068,127113,Citi,9,2108479.5,0.369708348
2008/9/30,2050131,1422436,501633,1924069,126062,Citi,9,1673252.5,0.333275176
2009/9/30,1888599,1263705,481945,1745650,142949,Citi,9,1504677.5,0.33587971
2010/9/30,1983280,1322695,495402,1818097,165183,Citi,9,1570396,0.34138515
2011/9/30,1935992,1345655,410995,1756650,179342,Citi,9,1551152.5,0.358202933
2012/9/30,1931346,1403544,339064,1742608,188738,Citi,9,1573076,0.373241777
2013/9/30,1899511,1419591,277181,1696772,202739,Citi,9,1558181.5,0.385613775
2014/9/30,1882849,1395225,273733,1668958,213891,Citi,9,1532091.5,0.388655026
2015/9/30,1808356,1287064,299155,1586219,222137,Citi,9,1436641.5,0.384875245
2016/9/30,1818117,1329973,255454,1585427,232690,Citi,9,1457700,0.3961036
2017/9/30,1889133,1374794,285717,1660511,228622,Citi,9,1517652.5,0.389097321
2018/9/30,1925165,1435859,291443,1727302,197863,Citi,9,1581580.5,0.381378776
2019/9/30,2014802,1517225,300507,1817732,197070,Citi,9,1667478.5,0.382195308
2020/9/30,2234459,1708607,331257,2039864,194595,Citi,9,1874235.5,0.379015908
2021/9/30,2361876,1826182,334084,2160266,201610,Citi,9,1993224,0.379477321
2005/1/1,1110432,1025288,87605,1112893,100235,BAC,1,1069090.5,0.455590084
2006/1/1,1291803,1031708,89660,1121368,101533,BAC,1,1076538,0.361489669
2007/1/1,1459737,1195659,128806,1324465,135272,BAC,1,1260062,0.395464404
2008/1/1,1715746,1401870,167073,1568943,146803,BAC,1,1485406.5,0.390696572
2009/1/1,1817943,1415481,225410,1640891,177052,BAC,1,1528186,0.38876892
2010/1/1,2230232,1659411,339377,1998788,231444,BAC,1,1829099.5,0.380876554
2011/1/1,2264909,1677481,359180,2036661,228248,BAC,1,1857071,0.377848033
2012/1/1,2129046,1624095,274850,1898945,230101,BAC,1,1761520,0.392978729
2013/1/1,2209974,1697433,275585,1973018,236956,BAC,1,1835225.5,0.39388231
2014/1/1,2102273,1665990,203598,1869588,232685,BAC,1,1767789,0.403865889
2015/1/1,2104534,1648648,212415,1861063,243471,BAC,1,1754855.5,0.405971714
2016/1/1,2144287,1651347,236764,1888111,256176,BAC,1,1769729,0.403740596
2017/1/1,2188067,1705049,216823,1921872,266195,BAC,1,1813460.5,0.407768132
2018/1/1,2281234,1786686,227402,2014088,267146,BAC,1,1900387,0.405426211
2019/1/1,2354507,1859842,229340,2089182,265325,BAC,1,1974512,0.404529981
2020/1/1,2434079,1920279,248990,2169269,264810,BAC,1,2044774,0.402840747
2021/1/1,2819627,2275222,271481,2546703,272924,BAC,1,2410962.5,0.400034866
2005/3/31,1212239,1014957,98763,1113720,98519,BAC,3,1064338.5,0.392524118
2006/3/31,1375080,1122476,123178,1245654,129426,BAC,3,1184065,0.395396489
2007/3/31,1502157,1244999,152562,1397561,134856,BAC,3,1321280,0.402727197
2008/3/31,1736502,1385436,202800,1588236,156309,BAC,3,1486836,0.389523408
2009/3/31,2321963,1641663,440751,2082414,239549,BAC,3,1862038.5,0.368276268
2010/3/31,2338700,1695220,413657,2108877,229823,BAC,3,1902048.5,0.370260247
2011/3/31,2274532,1674866,368790,2043656,230876,BAC,3,1859261,0.377024665
2012/3/31,2181449,1668882,280068,1948950,232499,BAC,3,1808916,0.392451286
2013/3/31,2174819,1657885,279641,1937526,237293,BAC,3,1797705.5,0.393749546
2014/3/31,2149851,1663178,254785,1917963,231888,BAC,3,1790570.5,0.395302338
2015/3/31,2143545,1655499,237858,1893357,250188,BAC,3,1774428,0.402311613
2016/3/31,2185498,1689873,232849,1922722,262776,BAC,3,1806297.5,0.405529175
2017/3/31,2247701,1758163,221385,1979548,268153,BAC,3,1868855.5,0.407321623
2018/3/31,2328478,1829998,232256,2062254,266224,BAC,3,1946126,0.403926917
2019/3/31,2377164,1867779,242375,2110154,267010,BAC,3,1988966.5,0.403003528
2020/3/31,2619954,2098324,256712,2355036,264918,BAC,3,2226680,0.402087542
2021/3/31,2969992,2444781,251211,2695992,274000,BAC,3,2570386.5,0.400795889
2005/6/30,1246330,1022343,96894,1119237,100540,BAC,6,1070790,0.380217805
2006/6/30,1445193,1188296,129056,1317352,127841,BAC,6,1252824,0.392800721
2007/6/30,1534359,1229291,169317,1398608,135751,BAC,6,1313949.5,0.386532586
2008/6/30,1716875,1347579,206605,1554184,162691,BAC,6,1450881.5,0.387274056
2009/6/30,2254394,1552055,447187,1999242,255152,BAC,6,1775648.5,0.367952674
2010/6/30,2363878,1712277,418427,2130704,233174,BAC,6,1921490.5,0.371408899
2011/6/30,2261319,1655626,383517,2039143,222176,BAC,6,1847384.5,0.373943337
2012/6/30,2160854,1652151,272728,1924879,235975,BAC,6,1788515,0.39488546
2013/6/30,2123320,1629808,262480,1892288,231032,BAC,6,1761048,0.39402552
2014/6/30,2170557,1676075,257071,1933146,237411,BAC,6,1804610.5,0.396071648
2015/6/30,2149034,1669928,227447,1897375,251659,BAC,6,1783651.5,0.404035302
2016/6/30,2186609,1689923,229617,1919540,267069,BAC,6,1804731.5,0.407352332
2017/6/30,2254529,1759619,223923,1983542,270987,BAC,6,1871580.5,0.407368591
2018/6/30,2291670,1800859,226595,2027454,264216,BAC,6,1914156.5,0.404616232
2019/6/30,2395892,1877236,247248,2124484,271408,BAC,6,2000860,0.403675545
2020/6/30,2741688,2214413,261638,2476051,265637,BAC,6,2345232,0.401108239
2021/6/30,3029894,2478171,274604,2752775,277119,BAC,6,2615473,0.39902121
2005/9/30,1252259,1051116,99885,1151001,101258,BAC,9,1101058.5,0.392339278
2006/9/30,1449211,1177875,137739,1315614,133597,BAC,9,1246744.5,0.393351103
2007/9/30,1578763,1303701,136552,1440253,138510,BAC,9,1371977,0.394016829
2008/9/30,1831177,1412428,257710,1670138,161039,BAC,9,1541283,0.377625279
2009/9/30,2251043,1537072,456288,1993360,257683,BAC,9,1765216,0.366887424
2010/9/30,2339660,1630307,478858,2109165,230495,BAC,9,1869736,0.36221565
2011/9/30,2219628,1612153,377223,1989376,230252,BAC,9,1800764.5,0.376805176
2012/9/30,2166162,1653166,274390,1927556,238606,BAC,9,1790361,0.394790487
2013/9/30,2126653,1639040,255331,1894371,232282,BAC,9,1766705.5,0.395467058
2014/9/30,2123613,1634817,250115,1884932,238681,BAC,9,1759874.5,0.397816467
2015/9/30,2153006,1665045,232056,1897101,255905,BAC,9,1781073,0.404097803
2016/9/30,2195314,1700095,225136,1925231,270083,BAC,9,1812663,0.408005417
2017/9/30,2283896,1782771,228666,2011437,272459,BAC,9,1897104,0.406618965
2018/9/30,2338833,1842575,234100,2076675,262158,BAC,9,1959625,0.402614408
2019/9/30,2426330,1904911,253032,2157943,268387,BAC,9,2031427,0.402658993
2020/9/30,2738452,2213879,255723,2469602,268850,BAC,9,2341740.5,0.401916127
2021/9/30,3085446,2534361,278621,2812982,272464,BAC,9,2673671.5,0.39707033
01/01/2005,17020.6,15467.05,1553.6,13804.06,1663,WBS,1,14635.56,0.392710687
01/01/2006,17836.6,16179.76,1656.8,14538.31,1641.4,WBS,1,15359.04,0.394760699
01/01/2007,17097.5,15211.03,1886.4,14189.67,1021.4,WBS,1,14700.35,0.413129479
01/01/2008,17202,15455.75,1746.2,14366.84,1088.9,WBS,1,14911.29,0.409505105
01/01/2009,17583.5,15699.84,1883.7,14468.66,1231.2,WBS,1,15084.25,0.411034292
01/01/2010,17739.2,15781.16,1958,14783.11,998.1,WBS,1,15282.14,0.416079158
01/01/2011,17981.7,16202.78,1778.9,14851.94,1350.8,WBS,1,15527.36,0.404724337
01/01/2012,18714.3,16868.57,1845.8,15063.37,1805.2,WBS,1,15965.97,0.399828319
01/01/2013,20146.8,18053.24,2093.5,15891.35,2161.9,WBS,1,16972.29,0.398365061
01/01/2014,20853,18643.81,2209.2,16363.03,2280.8,WBS,1,17503.42,0.397613749
01/01/2015,22533.2,20210.36,2322.8,17124.69,3085.7,WBS,1,18667.52,0.388523512
01/01/2016,24641.1,22227.16,2414,19337.76,2889.4,WBS,1,20782.46,0.392531795
01/01/2017,26072.5,23545.52,2527,20477.1,3068.4,WBS,1,22011.31,0.391161961
01/01/2018,26487.6,23785.69,2702,21882.82,1902.9,WBS,1,22834.25,0.408215832
01/01/2019,27610.3,24723.8,2886.5,22670.97,2052.8,WBS,1,23697.39,0.408702237
01/01/2020,30389.3,27181.57,3207.8,24546.84,2634.7,WBS,1,25864.21,0.406669599
01/01/2021,32590.7,29356.07,3234.6,28525.1,831,WBS,1,28940.58,0.424192613
03/31/2005,17412.8,15839.66,1573.2,14186.6,1653.1,WBS,3,15013.13,0.393040975
03/31/2006,17907.2,16256.85,1650.3,14659.26,1597.6,WBS,3,15458.06,0.394560376
03/31/2007,16879.2,14964.61,1914.6,13918.31,1046.3,WBS,3,14441.46,0.414032891
03/31/2008,17243.6,15517.27,1726.3,14212.51,1304.8,WBS,3,14864.89,0.40461353
03/31/2009,17256.7,15391.61,1865.1,14185.96,1205.6,WBS,3,14788.78,0.41113645
03/31/2010,18024.7,16169,1855.7,15121.08,1047.9,WBS,3,15645.04,0.411815467
03/31/2011,17964.9,16140.32,1824.6,15166.38,973.9,WBS,3,15653.35,0.412936444
03/31/2012,19134.1,17239.2,1894.9,15412.42,1826.8,WBS,3,16325.81,0.40016956
03/31/2013,20110.5,17982.41,2128.1,15849.14,2133.3,WBS,3,16915.77,0.400045206
03/31/2014,21175.7,18936.12,2239.6,16356.1,2580,WBS,3,17646.11,0.393313147
03/31/2015,23106.7,20751.11,2355.6,18940.49,1810.6,WBS,3,19845.8,0.406988219
03/31/2016,24935.5,22497.54,2438,19909.09,2588.5,WBS,3,21203.32,0.396984025
03/31/2017,26002.9,23442.56,2560.4,21294.15,2148.4,WBS,3,22368.35,0.403578462
03/31/2018,26752.1,24036.01,2716.1,22608.15,1427.9,WBS,3,23322.08,0.413659911
03/31/2019,28238.1,25271.87,2966.3,23795.84,1476,WBS,3,24533.86,0.416429371
03/31/2020,31654.9,28564.63,3090.2,26063.78,2500.9,WBS,3,27314.2,0.406632751
03/31/2021,33259,29986.11,3272.9,29144.49,841.6,WBS,3,29565.3,0.422988542
06/30/2005,17472.2,15851.71,1620.5,14004.02,1847.7,WBS,6,14927.87,0.390632992
06/30/2006,18022.1,16367.61,1654.5,14799.99,1567.6,WBS,6,15583.8,0.39519298
06/30/2007,16947.3,15100.03,1847.2,14014.46,1085.6,WBS,6,14557.24,0.411187143
06/30/2008,17478.6,15577.35,1901.3,14186.9,1390.5,WBS,6,14882.12,0.407003806
06/30/2009,17452.6,15601.43,1851.2,14938.3,663.1,WBS,6,15269.86,0.420237388
06/30/2010,17743.1,15859.41,1883.7,14813.96,1045.4,WBS,6,15336.69,0.414198432
06/30/2011,17806.8,15964.17,1842.7,14994.36,969.8,WBS,6,15479.27,0.414522791
06/30/2012,19429.7,17498.2,1931.5,15496.17,2002,WBS,6,16497.19,0.398488595
06/30/2013,20329.2,18201.76,2127.5,16344.32,1857.4,WBS,6,17273.04,0.403157165
06/30/2014,21524.3,19239.86,2284.5,16796.36,2443.5,WBS,6,18018.11,0.396410279
06/30/2015,23620.8,21241.09,2379.7,18505.51,2735.6,WBS,6,19873.3,0.393856228
06/30/2016,25120.5,22643.5,2477,19955.06,2688.4,WBS,6,21299.28,0.396839185
06/30/2017,26174.9,23569.8,2605.1,21576.41,1993.4,WBS,6,22573.11,0.406180908
06/30/2018,27036.7,24275.01,2761.7,22472.16,1802.9,WBS,6,23373.59,0.40961727
06/30/2019,28942,25876.83,3065.2,23911.79,1965,WBS,6,24894.31,0.412370611
06/30/2020,32708.6,29533.84,3174.8,28282.85,1251,WBS,6,28908.34,0.419658853
06/30/2021,33753.8,30424.05,3329.7,29578.46,845.6,WBS,6,30001.25,0.423773764
09/30/2005,17807.1,16161.6,1645.5,14118.14,2043.5,WBS,9,15139.87,0.38719582
09/30/2006,18138.8,16446.09,1692.7,14564.57,1881.5,WBS,9,15505.33,0.391109909
09/30/2007,16845.4,15030.79,1814.6,13925.83,1105,WBS,9,14478.31,0.410462538
09/30/2008,17516,15689.89,1826.1,14145.96,1543.9,WBS,9,14917.92,0.402095351
09/30/2009,17808.3,15910.91,1897.4,14776.1,1134.8,WBS,9,15343.51,0.412083879
09/30/2010,17800.3,15893.76,1906.5,14850.52,1043.2,WBS,9,15372.14,0.415180466
09/30/2011,18228.1,16378.17,1849.9,15062.73,1315.4,WBS,9,15720.45,0.408687424
09/30/2012,19729.7,17745.98,1983.7,15957.65,1788.3,WBS,9,16851.82,0.402781725
09/30/2013,20609.6,18441.9,2167.7,16610.28,1831.6,WBS,9,17526.09,0.404280809
09/30/2014,21826.9,19516.03,2310.9,16999.62,2516.4,WBS,9,18257.83,0.396013768
09/30/2015,24069.8,21667.24,2402.5,18831.7,2835.5,WBS,9,20249.47,0.392842581
09/30/2016,25633.6,23121.99,2511.6,20308.56,2813.4,WBS,9,21715.27,0.395128307
09/30/2017,26350.2,23711.4,2638.8,21978.01,1733.4,WBS,9,22844.7,0.409748417
09/30/2018,27346.3,24530.12,2816.2,22862.28,1667.8,WBS,9,23696.2,0.411620645
09/30/2019,29895.1,26742.71,3152.4,24800.7,1942,WBS,9,25771.7,0.413583704
09/30/2020,32994.4,29774.75,3219.7,28612.73,1162,WBS,9,29193.74,0.420433336
09/30/2021,35374.3,31988.07,3386.2,31165.05,823,WBS,9,31576.56,0.422237967
2005/1/1,194216,49029,129167,178196,16020,AXP,1,113612.5,0.160635028
2006/1/1,113960,55211,48200,103411,10549,AXP,1,79311,0.273310425
2007/1/1,128329,43137,74681,117818,10511,AXP,1,80477.5,0.199522588
2008/1/1,149743,48095,90619,138714,11029,AXP,1,93404.5,0.189892961
2009/1/1,126074,39340,74893,114233,11841,AXP,1,76786.5,0.197179884
2010/1/1,125145,43671,67068,110739,14406,AXP,1,77205,0.224795842
2011/1/1,146689,48450,82009,130459,16230,AXP,1,89454.5,0.213857496
2012/1/1,153337,57816,76727,134543,18794,AXP,1,96179.5,0.244702942
2013/1/1,153140,57724,76530,134254,18886,AXP,1,95989,0.24477762
2014/1/1,153375,61639,72240,133879,19496,AXP,1,97759,0.257554827
2015/1/1,159103,62624,75806,138430,20673,AXP,1,100527,0.256639008
2016/1/1,161184,74878,65633,140511,20673,AXP,1,107694.5,0.28813027
2017/1/1,158893,72625,65767,138392,20501,AXP,1,105508.5,0.284328356
2018/1/1,181196,84942,77993,162935,18261,AXP,1,123938.5,0.273761891
2019/1/1,188602,85315,80997,166312,22290,AXP,1,125813.5,0.276074827
2020/1/1,198321,92467,82783,175250,23071,AXP,1,133858.5,0.283020938
2021/1/1,191367,98197,70186,168383,22984,AXP,1,133290,0.306347326
2005/3/31,189572,49583,123856,173439,16133,AXP,3,111511,0.166298751
2006/3/31,110065,50756,48704,99460,10605,AXP,3,75108,0.26439143
2007/3/31,126361,53542,62324,115866,10495,AXP,3,84704,0.241016179
2008/3/31,135288,48914,74863,123777,11511,AXP,3,86345.5,0.214791262
2009/3/31,121183,34955,70448,105403,15780,AXP,3,70179,0.204069591
2010/3/31,143314,44775,85114,129889,13425,AXP,3,87332,0.196053385
2011/3/31,143979,50523,75974,126497,18331,AXP,3,88510,0.235338357
2012/3/31,151784,58082,73795,131877,19907,AXP,3,94979.5,0.251681381
2013/3/31,156855,63122,74443,137565,19290,AXP,3,100343.5,0.257075061
2014/3/31,151497,61179,70341,131520,19977,AXP,3,96349.5,0.260961138
2015/3/31,154684,61296,71558,132854,21830,AXP,3,97075,0.263174635
2016/3/31,158816,73398,64691,138089,20727,AXP,3,105743.5,0.288406926
2017/3/31,161385,71796,68654,140450,20935,AXP,3,106123,0.279412135
2018/3/31,179956,84990,75353,160343,19613,AXP,3,122666.5,0.279464815
2019/3/31,197193,93270,81705,174975,22218,AXP,3,134122.5,0.282502914
2020/3/31,186060,89436,75618,165054,21006,AXP,3,127245,0.288818506
2021/3/31,193067,99356,69262,168618,24449,AXP,3,133987,0.309825215
2005/6/30,195739,54402,124173,178575,17164,AXP,6,116488.5,0.175443217
2006/6/30,117281,53079,53727,106806,10475,AXP,6,79942.5,0.256819867
2007/6/30,134372,55214,68523,123737,10635,AXP,6,89475.5,0.232932346
2008/6/30,137330,48985,76076,125061,12269,AXP,6,87023,0.214406604
2009/6/30,117035,36580,67035,103615,13420,AXP,6,70097.5,0.207247777
2010/6/30,143763,45875,83375,129250,14513,AXP,6,87562.5,0.204145148
2011/6/30,147796,52157,77434,129591,18956,AXP,6,90874,0.237125789
2012/6/30,148128,55789,73072,128861,19267,AXP,6,92325,0.248914902
2013/6/30,151933,61914,70985,132899,19034,AXP,6,97406.5,0.259293041
2014/6/30,152384,60935,71236,132171,20213,AXP,6,96553,0.259649182
2015/6/30,157152,65933,69334,135267,21885,AXP,6,100600,0.272924002
2016/6/30,159642,71279,67651,138930,20712,AXP,6,105104.5,0.281429777
2017/6/30,166997,75761,70061,145822,21175,AXP,6,110791.5,0.281834827
2018/6/30,184861,85385,78584,163969,20892,AXP,6,124677,0.277049985
2019/6/30,197603,93949,80562,174511,23092,AXP,6,134230,0.286638782
2020/6/30,188608,94103,73443,167546,21062,AXP,6,130824.5,0.29628127
2021/6/30,186973,96477,64957,161434,25539,AXP,6,128955.5,0.316606374
2005/9/30,108824,52502,46420,98922,9902,AXP,9,75712,0.271488271
2006/9/30,120931,53035,57140,110175,10756,AXP,9,81605,0.250949816
2007/9/30,140927,41766,88263,130029,10898,AXP,9,85897.5,0.178676312
2008/9/30,127218,41908,72791,114699,12519,AXP,9,78303.5,0.206195646
2009/9/30,120445,40591,65911,106502,13943,AXP,9,73546.5,0.219708716
2010/9/30,146056,46204,83932,130136,15920,AXP,9,88170,0.207422791
2011/9/30,148693,52431,78162,130593,18100,AXP,9,91512,0.23214717
2012/9/30,152873,58769,74626,133395,19478,AXP,9,96082,0.250902262
2013/9/30,150103,61183,69704,130887,19216,AXP,9,96035,0.260849428
2014/9/30,153862,61134,72512,133646,20216,AXP,9,97390,0.258116716
2015/9/30,154216,66845,66036,132881,21335,AXP,9,99863,0.278971391
2016/9/30,153377,70389,61971,132360,21017,AXP,9,101374.5,0.290465443
2017/9/30,168577,78248,69244,147492,21085,AXP,9,112870,0.285533332
2018/9/30,189092,89268,78364,167632,21460,AXP,9,128450,0.281573102
2019/9/30,194184,90846,80313,171159,23025,AXP,9,131002.5,0.28467066
2020/9/30,187259,95409,69981,165390,21869,AXP,9,130399.5,0.303210982
2021/9/30,184261,96220,63615,159835,24426,AXP,9,128027.5,0.316542489
01/01/2005,94529,85239,9290,79418,5821,BK,1,82328.5,0.407717456
01/01/2006,102118,92242,9876,84425,7817,BK,1,88333.5,0.401579366
01/01/2007,103206,91777,11429,83004,8773,BK,1,87390.5,0.404802237
01/01/2008,197656,168253,29403,151380,16873,BK,1,159816.5,0.420636001
01/01/2009,237512,209462,28050,188006,21456,BK,1,198734,0.408871988
01/01/2010,212224,183221,29003,165987,17234,BK,1,174604,0.41809595
01/01/2011,247259,214102,33157,197585,16517,BK,1,205843.5,0.422708601
01/01/2012,325266,291065,34201,271132,19933,BK,1,281098.5,0.414500812
01/01/2013,358990,321548,37442,303018,18530,BK,1,312283,0.417018399
01/01/2014,374516,336006,38510,316142,19864,BK,1,326074,0.414874332
01/01/2015,385303,346600,38703,326336,20264,BK,1,336468,0.415240357
01/01/2016,393780,354805,38975,333258,21547,BK,1,344031.5,0.413398704
01/01/2017,333469,293889,39580,269426,24463,BK,1,281657.5,0.415563121
01/01/2018,371758,330012,41746,302033,27979,BK,1,316022.5,0.411802823
01/01/2019,362873,322005,40868,292842,29163,BK,1,307423.5,0.41032511
01/01/2020,381508,339780,41728,310791,28989,BK,1,325285.5,0.411998268
01/01/2021,469633,423513,46120,396107,27406,BK,1,409810,0.413024329
03/31/2005,96537,87202,9335,79813,7389,BK,3,83507.5,0.402020972
03/31/2006,103611,93510,10101,85201,8309,BK,3,89355.5,0.40002895
03/31/2007,99848,88321,11527,78736,9585,BK,3,83528.5,0.403262318
03/31/2008,204935,176460,28475,159087,17373,BK,3,167773.5,0.417385337
03/31/2009,203478,175241,28237,159009,16232,BK,3,167125,0.420075799
03/31/2010,220551,190096,30455,173761,16335,BK,3,181928.5,0.421106745
03/31/2011,266444,232304,34140,215089,17215,BK,3,223696.5,0.421293934
03/31/2012,300169,265340,34829,245004,20336,BK,3,255172,0.417159438
03/31/2013,355942,319268,36674,299414,19854,BK,3,309341,0.415463002
03/31/2014,368241,329272,38969,308656,20616,BK,3,318964,0.415365099
03/31/2015,399088,360208,38880,339807,20401,BK,3,350007.5,0.413582249
03/31/2016,372870,333585,39285,311899,21686,BK,3,322742,0.41559411
03/31/2017,337536,297705,39831,271359,26346,BK,3,284532,0.413910686
03/31/2018,373597,331473,42124,303534,27939,BK,3,317503.5,0.411805702
03/31/2019,346132,304663,41469,275419,29244,BK,3,290041,0.412111799
03/31/2020,468155,426776,41379,399282,27494,BK,3,413029,0.408224045
03/31/2021,464984,419581,45403,394231,25350,BK,3,406906,0.413182726
06/30/2005,103063,93592,9471,86006,7586,BK,6,89799,0.400445081
06/30/2006,108881,99927,10056,91720,8207,BK,6,95823.5,0.405523231
06/30/2007,126333,114504,11829,103708,10796,BK,6,109106,0.396932046
06/30/2008,201225,172656,28569,156712,15944,BK,6,164684,0.420123113
06/30/2009,203012,175708,27304,158345,17363,BK,6,167026.5,0.415912329
06/30/2010,235693,204588,31105,187834,16754,BK,6,196211,0.421062342
06/30/2011,304706,269983,34723,252979,17004,BK,6,261481,0.419044391
06/30/2012,330283,294898,35385,275362,19536,BK,6,285130,0.416641239
06/30/2013,360505,323574,36931,305093,18481,BK,6,314333.5,0.415334143
06/30/2014,400740,361266,39474,340939,20327,BK,6,351102.5,0.413539757
06/30/2015,395254,355830,39424,335455,20375,BK,6,345642.5,0.414437173
06/30/2016,372351,333054,39297,309481,23573,BK,6,321267.5,0.414518081
06/30/2017,354815,314317,40498,286618,27699,BK,6,300467.5,0.412244566
06/30/2018,352928,311182,41746,282922,28260,BK,6,297052,0.412350027
06/30/2019,381168,339333,41835,309772,29561,BK,6,324552.5,0.410906412
06/30/2020,442316,398350,43966,370784,27566,BK,6,384567,0.413113584
06/30/2021,466963,421169,45794,395540,25629,BK,6,408354.5,0.413849122
09/30/2005,101766,92158,9608,84629,7529,BK,9,88393.5,0.401210117
09/30/2006,106636,96169,10467,87735,8434,BK,9,91952,0.401346256
09/30/2007,183972,155015,28957,140703,14312,BK,9,147859,0.424873915
09/30/2008,267510,239997,27513,213591,26406,BK,9,226794,0.39796262
09/30/2009,212007,183691,28316,166205,17486,BK,9,174948,0.416813818
09/30/2010,254157,221266,32891,204546,16720,BK,9,212906,0.42241333
09/30/2011,322187,287658,34529,268259,19399,BK,9,277958.5,0.41536956
09/30/2012,339944,302805,37139,283289,19516,BK,9,293047,0.417914413
09/30/2013,371952,333969,37983,315080,18889,BK,9,324524.5,0.415384777
09/30/2014,386296,346698,39598,325115,21583,BK,9,335906.5,0.414214992
09/30/2015,377371,338172,39199,316742,21430,BK,9,327457,0.414862433
09/30/2016,374114,333741,40373,309367,24374,BK,9,321554,0.414489498
09/30/2017,354397,313293,41104,284885,28408,BK,9,299089,0.412199593
09/30/2018,349770,307909,41861,279796,28113,BK,9,293852.5,0.412543324
09/30/2019,373168,331698,41470,302338,29360,BK,9,317018,0.411599966
09/30/2020,428398,383051,45347,356930,26121,BK,9,369990.5,0.416277381
09/30/2021,470533,426481,44052,401438,25043,BK,9,413959.5,0.411563089
2005/1/1,427849,330989,58994,389983,37866,WFC,1,360486,0.378574367
2006/1/1,481741,372537,68544,441081,40660,WFC,1,406809,0.374800728
2007/1/1,481996,363716,72404,436120,45876,WFC,1,399918,0.376454334
2008/1/1,575442,417346,80996,498342,47628,WFC,1,457844,0.342120841
2009/1/1,1309639,997290,213265,1210555,99084,WFC,1,1103922.5,0.366543837
2010/1/1,1243646,965921,163366,1129287,114359,WFC,1,1047604,0.382950878
2011/1/1,1258128,973256,156983,1130239,127889,WFC,1,1051747.5,0.389604937
2012/1/1,1313867,1046826,125354,1172180,141687,WFC,1,1109503,0.404332951
2013/1/1,1422968,1136678,127379,1264057,158911,WFC,1,1200367.5,0.407733829
2014/1/1,1523502,1199496,152998,1352494,171008,WFC,1,1275995,0.403297274
2015/1/1,1687155,1317950,183943,1501893,185262,WFC,1,1409921.5,0.400775246
2016/1/1,1787632,1394205,199536,1593741,193891,WFC,1,1493973,0.398932991
2017/1/1,1930115,1474541,255077,1729618,200497,WFC,1,1602079.5,0.389301636
2018/1/1,1951757,1518658,225020,1743678,208079,WFC,1,1631168,0.395796393
2019/1/1,1895883,1469773,229044,1698817,197066,WFC,1,1584295,0.392933526
2020/1/1,1927555,1507089,232482,1739571,187984,WFC,1,1623330,0.391813367
2021/1/1,1952911,1550281,216918,1767199,185712,WFC,1,1658740,0.394425511
2005/3/31,435643,320263,76903,397166,38477,WFC,3,358714.5,0.365809747
2006/3/31,492428,365967,84500,450467,41961,WFC,3,408217,0.364999107
2007/3/31,485901,378044,90327,468371,46135,WFC,3,423207.5,0.403238577
2008/3/31,595221,443887,103175,547062,48159,WFC,3,495474.5,0.364411307
2009/3/31,1285891,928184,250650,1178834,107057,WFC,3,1053509,0.359188669
2010/3/31,1223630,905597,199879,1105476,118154,WFC,3,1005536.5,0.374200226
2011/3/31,1244666,961120,148603,1109723,134943,WFC,3,1035421.5,0.394319705
2012/3/31,1333799,1057198,129752,1186950,146849,WFC,3,1122074,0.404501057
2013/3/31,1436634,1147048,126191,1273239,163395,WFC,3,1210143.5,0.409634265
2014/3/31,1546707,1216816,153422,1370238,176469,WFC,3,1293527,0.404466052
2015/3/31,1737737,1364481,183292,1547773,189964,WFC,3,1456127,0.40120975
2016/3/31,1849182,1422790,227888,1650678,198504,WFC,3,1536734,0.394644785
2017/3/31,1951564,1492607,256468,1749075,202489,WFC,3,1620841,0.389755576
2018/3/31,1915388,1482176,227302,1709478,205910,WFC,3,1595827,0.394662194
2019/3/31,1887792,1448092,240967,1689059,198733,WFC,3,1568575.5,0.391355171
2020/3/31,1981349,1555453,242566,1798019,183330,WFC,3,1676736,0.390130098
2021/3/31,1959543,1583114,188081,1771195,188348,WFC,3,1677154.5,0.399032324
2005/6/30,434981,312848,82855,395703,39278,WFC,6,354275.5,0.361813471
2006/6/30,499516,373865,83757,457622,41894,WFC,6,415743.5,0.365805339
2007/6/30,539865,408557,93830,502387,47301,WFC,6,455472,0.377518378
2008/6/30,609074,457182,103928,561110,47964,WFC,6,509146,0.364030369
2009/6/30,1284176,933378,229416,1162794,121382,WFC,6,1048086,0.368501734
2010/6/30,1225862,919392,185072,1104464,121398,WFC,6,1011928,0.380396475
2011/6/30,1259734,978946,142872,1121818,137916,WFC,6,1050382,0.397502488
2012/6/30,1336204,1061783,124984,1186767,149437,WFC,6,1124275,0.407163694
2013/6/30,1440563,1153411,123375,1276786,163777,WFC,6,1215098.5,0.409038151
2014/6/30,1598874,1249447,167878,1417325,181549,WFC,6,1333386,0.402373052
2015/6/30,1720617,1350190,179751,1529941,190676,WFC,6,1440065.5,0.401966069
2016/6/30,1889235,1442647,243927,1686574,202661,WFC,6,1564610.5,0.393145963
2017/6/30,1930871,1485857,238869,1724726,206145,WFC,6,1605291.5,0.393580534
2018/6/30,1879700,1454347,219284,1673631,206069,WFC,6,1563989,0.39621152
2019/6/30,1923388,1477139,246212,1723351,200037,WFC,6,1600245,0.391401589
2020/6/30,1968766,1552598,236046,1788644,180122,WFC,6,1670621,0.390628028
2021/6/30,1945996,1568508,184361,1752869,193127,WFC,6,1660688.5,0.401473125
2005/9/30,453494,335067,78592,413659,39835,WFC,9,374363,0.366190153
2006/9/30,483441,354488,84091,438579,44862,WFC,9,396533.5,0.367882451
2007/9/30,548727,412231,95592,507823,47738,WFC,9,460027,0.373776335
2008/9/30,622361,468054,107350,575404,46957,WFC,9,521729,0.361968521
2009/9/30,1228625,885409,214292,1099701,128924,WFC,9,992555,0.373897839
2010/9/30,1220784,932476,163143,1095619,125165,WFC,9,1014047.5,0.38806874
2011/9/30,1304945,1032487,133214,1165701,139244,WFC,9,1099094,0.40113401
2012/9/30,1374715,1087855,130801,1218656,156059,WFC,9,1153255.5,0.407004954
2013/9/30,1488055,1168030,151212,1319242,168813,WFC,9,1243636,0.403510133
2014/9/30,1636855,1269279,184586,1453865,182990,WFC,9,1361572,0.399303939
2015/9/30,1751265,1371948,185274,1557222,194043,WFC,9,1464585,0.401563109
2016/9/30,1942124,1483331,254835,1738166,203958,WFC,9,1610748.5,0.390983965
2017/9/30,1934939,1489222,238893,1728115,206824,WFC,9,1608668.5,0.393603081
2018/9/30,1872981,1451979,221323,1673302,199679,WFC,9,1562640.5,0.394199159
2019/9/30,1943950,1513628,235906,1749534,194416,WFC,9,1631581,0.392393404
2020/9/30,1922220,1519455,220733,1740188,182032,WFC,9,1629821.5,0.393295589
2021/9/30,1954901,1596210,167620,1763830,191071,WFC,9,1680020,0.403231687
01/01/2005,24037.8,20851.4,3186.4,17468.92,3382.5,NYCB,1,19160.16,0.394108621
01/01/2006,26283.7,22958.8,3324.9,17666.93,5291.9,NYCB,1,20312.88,0.369151034
01/01/2007,28482.4,24792.5,3689.8,16742.17,8050.4,NYCB,1,20767.35,0.337502724
01/01/2008,30579.8,26397.5,4182.3,17893.06,8504.5,NYCB,1,22145.28,0.342472524
01/01/2009,32466.9,28247.7,4219.2,19385.95,8861.7,NYCB,1,23816.81,0.344425542
01/01/2010,42153.9,36787,5366.9,28457.34,8329.6,NYCB,1,32622.15,0.372140874
01/01/2011,41190.7,35664.5,5526.2,26367.46,9297,NYCB,1,31015.96,0.363349705
01/01/2012,42024.3,36458.6,5565.7,26765.52,9693.1,NYCB,1,31612.06,0.363331681
01/01/2013,44145.1,38488.8,5656.3,30068.91,8419.9,NYCB,1,34278.87,0.377309285
01/01/2014,46688.3,40952.6,5735.7,29819.64,11133,NYCB,1,35386.13,0.356796976
01/01/2015,48559.2,42777.4,5781.8,32235.92,10541.5,NYCB,1,37506.66,0.365395169
01/01/2016,50317.8,44383.1,5934.7,30560.7,13822.4,NYCB,1,37471.9,0.342605846
01/01/2017,48926.6,42802.6,6124,30779.19,12023.4,NYCB,1,36790.87,0.354766757
01/01/2018,49124.2,42328.8,6795.4,29865.14,12463.7,NYCB,1,36096.98,0.354050115
01/01/2019,51899.4,45244.1,6655.2,31830.97,13413.2,NYCB,1,38537.56,0.350209724
01/01/2020,53640.8,46929.1,6711.7,33207.91,13721.2,NYCB,1,40068.52,0.352243502
01/01/2021,56306.1,49464.5,6841.6,34236.67,15227.8,NYCB,1,41850.57,0.346306409
03/31/2005,24612.4,21413.8,3198.6,14231.2,7182.6,NYCB,3,17822.52,0.334726573
03/31/2006,27137,23812.4,3324.6,15510.7,8301.7,NYCB,3,19661.55,0.326340189
03/31/2007,27977.9,24266.3,3711.6,18046.81,6219.5,NYCB,3,21156.56,0.362476742
03/31/2008,30910.1,26751.9,4158.2,20743.3,6008.6,NYCB,3,23747.6,0.375057399
03/31/2009,32402.6,28166.7,4235.9,20468.86,7697.8,NYCB,3,24317.76,0.358281271
03/31/2010,42430.7,37017.3,5413.5,28714,8303.3,NYCB,3,32865.64,0.37283452
03/31/2011,41046.9,35506.4,5540.6,28176.43,7329.9,NYCB,3,31841.4,0.381867595
03/31/2012,43038.2,37458.2,5579.9,27307.09,10151.1,NYCB,3,32382.65,0.360469496
03/31/2013,44511.7,38846.1,5665.6,29917.54,8928.6,NYCB,3,34381.82,0.37380878
03/31/2014,47567.5,41824.8,5742.7,30947.44,10877.4,NYCB,3,36386.13,0.359996344
03/31/2015,48251.7,42456.9,5794.8,33112.52,9344.4,NYCB,3,37784.72,0.373826988
03/31/2016,48515.6,42530.8,5984.8,31239,11291.8,NYCB,3,36884.89,0.360300198
03/31/2017,48824.6,42177.2,6647.4,30463.76,11713.5,NYCB,3,36320.49,0.359772864
03/31/2018,49654.9,42874.2,6780.7,29980.4,12893.8,NYCB,3,36427.28,0.350921048
03/31/2019,52131,45502,6629.1,33047.93,12454,NYCB,3,39274.95,0.357856517
03/31/2020,54261.1,47623.7,6637.4,33524.45,14099.3,NYCB,3,40574.08,0.351273219
03/31/2021,57656.9,50860.5,6796.4,35955.36,14905.1,NYCB,3,43407.91,0.349327788
06/30/2005,25204.7,21954.4,3250.3,14070.98,7883.4,NYCB,6,18012.7,0.325751608
06/30/2006,28728.8,25031.7,3697.2,18167.82,6863.8,NYCB,6,21599.73,0.354538683
06/30/2007,29623.8,25662.3,3961.5,20499.56,5162.7,NYCB,6,23080.92,0.381030747
06/30/2008,31083.5,26794.2,4289.3,19505.44,7288.8,NYCB,6,23149.84,0.359848213
06/30/2009,32860.1,28649.5,4210.7,21231.72,7417.7,NYCB,6,24940.59,0.361760868
06/30/2010,42010.7,36564.3,5446.4,28319.18,8245.1,NYCB,6,32441.75,0.374284135
06/30/2011,40602.6,35042.5,5560.1,27805.1,7237.4,NYCB,6,31423.81,0.383255043
06/30/2012,43487.3,37875.8,5611.5,29597.22,8278.6,NYCB,6,33736.52,0.378444842
06/30/2013,44185.8,38497.4,5688.5,29030.36,9467,NYCB,6,33763.87,0.367638246
06/30/2014,48604.8,42843.8,5761,31392.09,11451.7,NYCB,6,37117.92,0.356923569
06/30/2015,48648.5,42833.9,5814.6,32565.49,10268.4,NYCB,6,37699.7,0.366975278
06/30/2016,49035.7,42996.6,6039.1,31023.5,11973.1,NYCB,6,37010.07,0.356400234
06/30/2017,48347.7,41612.9,6734.8,29699.35,11913.5,NYCB,6,35656.12,0.35780291
06/30/2018,50469.2,43679.8,6789.4,30085.98,13593.8,NYCB,6,36882.9,0.346601026
06/30/2019,52776.3,46101.6,6674.7,33820.6,12281,NYCB,6,39961.09,0.360818146
06/30/2020,54210.4,47517.4,6693,33339.86,14177.5,NYCB,6,40428.63,0.351043232
06/30/2021,57469,50553,6916,35947,14606,NYCB,6,43250,0.352183429
09/30/2005,25014.9,21762.6,3252.3,14897.37,6865.3,NYCB,9,18330.01,0.341296365
09/30/2006,28924.3,25212.3,3712,19134.56,6077.7,NYCB,9,22173.42,0.366168807
09/30/2007,30039.9,26008.4,4031.5,17312.14,8696.3,NYCB,9,21660.29,0.336027404
09/30/2008,32139.5,27876.3,4263.2,21164.88,6711.4,NYCB,9,24520.57,0.368675929
09/30/2009,32884.5,28543.9,4340.5,21484.89,7059,NYCB,9,25014.41,0.367110713
09/30/2010,41706.4,36211.1,5495.3,28563.17,7648,NYCB,9,32387.15,0.380182284
09/30/2011,41969,36395.5,5573.6,29162.42,7233,NYCB,9,32778.94,0.385343908
09/30/2012,44093.8,38451.3,5642.5,29074.95,9376.4,NYCB,9,33763.14,0.369374323
09/30/2013,45764.1,40067.1,5697,29026.65,11040.4,NYCB,9,34546.87,0.356240053
09/30/2014,48679.8,42901.8,5778,32226.86,10674.9,NYCB,9,37564.32,0.363452606
09/30/2015,49045.5,43218.6,5826.8,32330.86,10887.8,NYCB,9,37774.75,0.362740532
09/30/2016,49462.6,43372.1,6090.5,31430.3,11941.8,NYCB,9,37401.2,0.356899144
09/30/2017,48457.9,41698.2,6759.7,29784.64,11913.6,NYCB,9,35741.44,0.357949882
09/30/2018,51246.7,44452.6,6794,30812.22,13640.4,NYCB,9,37632.43,0.347230139
09/30/2019,52537.6,45842.6,6695,33017.76,12824.9,NYCB,9,39430.19,0.357072868
09/30/2020,54931.8,48197,6734.7,33344.48,14852.5,NYCB,9,40770.75,0.346862001
09/30/2021,57890,50923,6967,36407,14516,NYCB,9,43665,0.353021478
01/01/2005,45276.7,41981.1,3295.6,40741.2,1239.9,NTRS,1,41361.15,0.403490514
01/01/2006,53413.8,49813,3600.8,46446,3367,NTRS,1,48129.5,0.389412873
01/01/2007,60712.2,56768.3,3943.9,53738.5,3029.8,NTRS,1,55253.4,0.391142257
01/01/2008,67611.2,63102.1,4509.1,59489.2,3612.9,NTRS,1,61295.65,0.392819009
01/01/2009,82053.6,75664.2,6389.4,71041.5,4622.7,NTRS,1,73352.85,0.399914081
01/01/2010,82141.5,75829.4,6312.1,69526.5,6302.9,NTRS,1,72677.95,0.3922908
01/01/2011,83843.9,77013.6,6830.3,72040.5,4973.1,NTRS,1,74527.05,0.400437454
01/01/2012,100223.7,93106.4,7117.3,87914.9,5191.5,NTRS,1,90510.65,0.398377239
01/01/2013,97463.8,89936.8,7527,85742,4194.8,NTRS,1,87839.4,0.404608754
01/01/2014,102947.3,95035.3,7912,89770.9,5264.4,NTRS,1,92403.1,0.401117665
01/01/2015,109946.5,101497.6,8448.9,96700.3,4797.3,NTRS,1,99098.95,0.404646578
01/01/2016,116749.6,108043.7,8705.9,101119.9,6923.8,NTRS,1,104581.8,0.398271896
01/01/2017,123926.9,114156.5,9770.4,106219.5,7937,NTRS,1,110188,0.398698231
01/01/2018,138590.5,128374.3,10216.2,119376.4,8997.9,NTRS,1,123875.35,0.39507974
01/01/2019,132212.5,121704.2,10508.3,118580.5,3123.7,NTRS,1,120142.35,0.41089289
01/01/2020,136828.4,125737.4,11091,121514.5,4222.9,NTRS,1,123625.95,0.411254055
01/01/2021,170003.9,158315.6,11688.3,153402.4,4913.2,NTRS,1,155859,0.404332495
03/31/2005,47761.3,44399.9,3361.4,42691,1708.9,NTRS,3,43545.45,0.399429863
03/31/2006,50195,46491.6,3703.4,43285.7,3205.9,NTRS,3,44888.65,0.392366502
03/31/2007,59532.4,55489,4043.4,52084.4,3404.6,NTRS,3,53786.7,0.39124071
03/31/2008,77480.3,72721.9,4758.4,69103.7,3618.2,NTRS,3,70912.8,0.390995045
03/31/2009,78464.6,71939.9,6524.7,67470,4469.9,NTRS,3,69704.95,0.402451422
03/31/2010,76318.6,69871.5,6447.1,65474.3,4397.2,NTRS,3,67672.9,0.402274364
03/31/2011,92679.2,85751,6928.2,79187.1,6563.9,NTRS,3,82469.05,0.393217444
03/31/2012,91604.3,84381.1,7223.2,79369.9,5011.2,NTRS,3,81875.5,0.402222281
03/31/2013,93156.8,85544.7,7612.1,80509,5035.7,NTRS,3,83026.85,0.404448597
03/31/2014,103832.6,95884.3,7948.3,91503.9,4380.4,NTRS,3,93694.1,0.403547898
03/31/2015,106952,98344.4,8607.6,92574.1,5770.3,NTRS,3,95459.25,0.403256682
03/31/2016,117798.8,108966,8832.8,102053.9,6912.1,NTRS,3,105509.95,0.398826211
03/31/2017,121488.7,111511,9977.7,104615.3,6895.7,NTRS,3,108063.15,0.403040824
03/31/2018,129672.2,119446.2,10226,116526.1,2920.1,NTRS,3,117986.15,0.410382027
03/31/2019,121869.4,111253.2,10616.2,107668.5,3584.7,NTRS,3,109460.85,0.4140061
03/31/2020,161709.2,150829.5,10879.7,146965,3864.5,NTRS,3,148897.25,0.405252397
03/31/2021,163924.1,152466.2,11457.9,148309.1,4157.1,NTRS,3,150387.65,0.405393564
06/30/2005,46255.6,42809.3,3446.3,41123.1,1686.2,NTRS,6,41966.2,0.401786356
06/30/2006,53325.9,49517.5,3808.4,46291.1,3226.4,NTRS,6,47904.3,0.392007953
06/30/2007,59609.7,55382.5,4227.2,52321.7,3060.8,NTRS,6,53852.1,0.394656075
06/30/2008,74806.9,69842.8,4964.1,66124.1,3718.7,NTRS,6,67983.45,0.393187126
06/30/2009,75045.2,68916.5,6128.7,63952.2,4964.3,NTRS,6,66434.35,0.398342285
06/30/2010,80048.9,73429.3,6619.6,68424,5005.3,NTRS,6,70926.65,0.40079832
06/30/2011,97398.3,90372.9,7025.4,83770.2,6602.7,NTRS,6,87071.55,0.393183365
06/30/2012,94455.9,87065.6,7390.3,82308.3,4757.3,NTRS,6,84686.95,0.403742652
06/30/2013,97236,89511.4,7724.6,84183,5328.4,NTRS,6,86847.2,0.401653018
06/30/2014,105761.2,97718.6,8042.6,94416.7,3301.9,NTRS,6,96067.65,0.406559657
06/30/2015,119942.9,111193.6,8749.3,105011.2,6182.4,NTRS,6,108102.4,0.399169188
06/30/2016,121509.6,112558.1,8951.5,103605.5,8952.6,NTRS,6,108081.8,0.394135825
06/30/2017,125605.7,115537.8,10067.9,112369.2,3168.6,NTRS,6,113953.5,0.411289492
06/30/2018,135106.2,124748.6,10357.6,121840.3,2908.3,NTRS,6,123294.45,0.409258991
06/30/2019,126550.9,115745.4,10805.5,111591.1,4154.3,NTRS,6,113668.25,0.412606844
06/30/2020,151432.9,140050.7,11382.2,135183,4867.7,NTRS,6,137616.85,0.408411872
06/30/2021,172291.1,160468.1,11823,156266.8,4201.3,NTRS,6,158367.45,0.405307728
09/30/2005,48427.4,44898.4,3529,43320.2,1578.2,NTRS,9,44109.3,0.401490439
09/30/2006,55200.9,51264.9,3936,47901.5,3363.4,NTRS,9,49583.2,0.39231884
09/30/2007,63098.9,58739.5,4359.4,55532.1,3207.4,NTRS,9,57135.8,0.393983812
09/30/2008,79244,74408,4836,69825.6,4582.4,NTRS,9,72116.8,0.387411037
09/30/2009,77901.5,71678.2,6223.3,66936.9,4741.3,NTRS,9,69307.55,0.399035336
09/30/2010,80723.4,73954.7,6768.7,69507.4,4447.3,NTRS,9,71731.05,0.404121131
09/30/2011,96098.2,88945.4,7152.8,83857,5088.4,NTRS,9,86401.2,0.399781225
09/30/2012,93632.5,86100.3,7532.2,81618.9,4481.4,NTRS,9,83859.6,0.405530061
09/30/2013,95969.5,88152.4,7817.1,83357.7,4794.7,NTRS,9,85755.05,0.404346999
09/30/2014,111153.7,102611.1,8542.6,97757.2,4853.9,NTRS,9,100184.15,0.40371297
09/30/2015,119995.2,111210.7,8784.5,104238.5,6972.2,NTRS,9,107724.6,0.397483246
09/30/2016,120085,110505.2,9579.8,103605.5,6899.7,NTRS,9,107055.35,0.402069456
09/30/2017,131400.2,121235,10165.2,112022.2,9212.8,NTRS,9,116628.6,0.39614766
09/30/2018,132378.5,122014,10364.5,118921.3,3092.7,NTRS,9,120467.65,0.409517102
09/30/2019,124355.8,113544.5,10811.3,109261.8,4282.7,NTRS,9,111403.15,0.413476223
09/30/2020,152082,140502.9,11579.1,135651.3,4851.6,NTRS,9,138077.1,0.408665385
09/30/2021,169085.7,157186.9,11898.8,153498.6,3688.3,NTRS,9,155342.75,0.406816063
2005/1/1,68168,50984,7667,58651,7107,PNC,1,54817.5,0.369556215
2006/1/1,79723,103496,5664,109160,7977,PNC,1,106328,0.75359108
2007/1/1,91954,130650,6797,137447,9153,PNC,1,134048.5,0.853462225
2008/1/1,101820,140035,7595,147630,11673,PNC,1,143832.5,0.860561281
2009/1/1,138920,177931,18392,196323,16508,PNC,1,187127,0.816761069
2010/1/1,291081,394972,42998,437970,27648,PNC,1,416471,0.822449943
2011/1/1,269863,204266,33030,237296,32567,PNC,1,220781,0.397855888
2012/1/1,264284,202657,28789,231446,32838,PNC,1,217051.5,0.40624065
2013/1/1,271205,206878,27081,233959,37246,PNC,1,220418.5,0.413911395
2014/1/1,305107,236177,27165,263342,41765,PNC,1,249759.5,0.41673976
2015/1/1,320192,242396,33759,276155,44037,PNC,1,259275.5,0.412430244
2016/1/1,345072,254092,44906,298998,46074,PNC,1,276545,0.401579255
2017/1/1,358493,265792,46721,312513,45980,PNC,1,289152.5,0.398967391
2018/1/1,366380,270996,48530,319526,46854,PNC,1,295261,0.397714329
2019/1/1,380768,278884,54299,333183,47585,PNC,1,306033.5,0.393176023
2020/1/1,382315,282131,52414,334545,47770,PNC,1,308338,0.396811622
2021/1/1,410295,307652,53300,360952,49343,PNC,1,334302,0.398371789
2005/3/31,74115,102603,7369,109972,7648,PNC,3,106287.5,0.846155484
2006/3/31,83359,117202,7650,124852,8111,PNC,3,121027,0.841694124
2007/3/31,93257,130489,7749,138238,9408,PNC,3,134363.5,0.844008084
2008/3/31,122563,166011,9179,175190,16106,PNC,3,170600.5,0.884511115
2009/3/31,139991,171692,21907,193599,16431,PNC,3,182645.5,0.775228753
2010/3/31,286422,216259,41507,257766,28656,PNC,3,237012.5,0.3817853
2011/3/31,265396,204623,31339,235962,29434,PNC,3,220292.5,0.395763991
2012/3/31,259378,200007,25654,225661,33717,PNC,3,212834,0.411763487
2013/3/31,295883,228404,29243,257647,38236,PNC,3,243025.5,0.411881256
2014/3/31,300812,234337,24397,258734,42078,PNC,3,246535.5,0.420685334
2015/3/31,323423,242444,36061,278505,44918,PNC,3,260474.5,0.410034906
2016/3/31,350960,257865,46657,304522,46438,PNC,3,281193.5,0.400289261
2017/3/31,360985,265298,49359,314657,46328,PNC,3,289977.5,0.396922725
2018/3/31,370944,274858,50183,325041,45903,PNC,3,299949.5,0.394927272
2019/3/31,379161,278695,53431,332126,47035,PNC,3,305410.5,0.393667377
2020/3/31,392837,290254,54008,344262,48575,PNC,3,317258,0.397466634
2021/3/31,445493,334799,61404,396203,49290,PNC,3,365501,0.391205649
2005/6/30,73118,104518,6407,110925,7483,PNC,6,107721.5,0.875330013
2006/6/30,90794,128527,7025,135552,8750,PNC,6,132039.5,0.841184629
2007/6/30,94914,134805,7832,142637,9459,PNC,6,138721,0.857057955
2008/6/30,125651,167195,11763,178958,15874,PNC,6,173076.5,0.858592028
2009/6/30,142771,181305,20545,201850,17117,PNC,6,191577.5,0.812959952
2010/6/30,279754,211835,38452,250287,29467,PNC,6,231061,0.38748014
2011/6/30,261695,193968,36737,230705,30990,PNC,6,212336.5,0.39149999
2012/6/30,263117,203338,24906,228244,34873,PNC,6,215791,0.414890459
2013/6/30,299575,231143,28218,259361,40214,PNC,6,245252,0.413997128
2014/6/30,304415,235703,26771,262474,41941,PNC,6,249088.5,0.417571431
2015/6/30,327064,243047,38224,281271,45793,PNC,6,262159,0.408175958
2016/6/30,353945,258190,49843,308033,45912,PNC,6,283111.5,0.39710884
2017/6/30,361335,264229,50407,314636,46699,PNC,6,289432.5,0.396191056
2018/6/30,372190,274801,51204,326005,46185,PNC,6,300403,0.394218736
2019/6/30,380711,279323,54413,333736,46975,PNC,6,306529.5,0.393432122
2020/6/30,405761,291882,64498,356380,49381,PNC,6,324131,0.389213674
2021/6/30,458978,363326,42704,406030,52948,PNC,6,384678,0.409162097
2005/9/30,77297,102865,6662,109527,7811,PNC,9,106196,0.789574506
2006/9/30,93241,130821,7981,138802,8912,PNC,9,134811.5,0.833320729
2007/9/30,98436,137226,6613,143839,11166,PNC,9,140532.5,0.867479679
2008/9/30,131366,167729,16542,184271,16205,PNC,9,176000,0.818054256
2009/9/30,145610,180657,21450,202107,16288,PNC,9,191382,0.769655435
2010/9/30,271407,204866,34878,239744,31663,PNC,9,222305,0.395337131
2011/9/30,260133,196830,30637,227467,32666,PNC,9,212148.5,0.403087623
2012/9/30,269470,205659,26569,232228,37242,PNC,9,218943.5,0.415104856
2013/9/30,300803,232345,26656,259001,41802,PNC,9,245673,0.417753512
2014/9/30,308597,237545,28232,265777,42820,PNC,9,251661,0.416940068
2015/9/30,334424,247585,40844,288429,45995,PNC,9,268007,0.405488947
2016/9/30,362125,265192,50655,315847,46278,PNC,9,290519.5,0.396268933
2017/9/30,369348,274314,48189,322503,46845,PNC,9,298408.5,0.398564782
2018/9/30,375191,276133,52606,328739,46452,PNC,9,302436,0.392895803
2019/9/30,380080,280502,52476,332978,47102,PNC,9,306740,0.395835527
2020/9/30,408916,302860,56601,359461,49455,PNC,9,331160.5,0.39586582
2021/9/30,461817,369703,38804,408507,53310,PNC,9,389105,0.411826727
01/01/2005,5145.7,4533,612.6,4336.84,196.2,SVB,1,4434.94,0.425422022
01/01/2006,5541.7,4853,688.8,4657.13,195.8,SVB,1,4755.04,0.428155645
01/01/2007,6081.5,5286.9,794.5,4934.46,352.5,SVB,1,5110.69,0.422375776
01/01/2008,6692.5,5775.7,916.8,5049.72,726,SVB,1,5412.71,0.408203076
01/01/2009,10018.3,8706.6,1311.7,7711.15,995.4,SVB,1,8208.86,0.410557808
01/01/2010,12841.4,11367.3,1474.1,10510.64,856.7,SVB,1,10938.96,0.414537935
01/01/2011,17527.8,15779.5,1748.3,14570.22,1209.3,SVB,1,15174.85,0.407113484
01/01/2012,19968.9,17718.5,2250.4,17114.86,603.6,SVB,1,17416.68,0.428566199
01/01/2013,22766.1,20160.9,2605.2,19703.13,457.8,SVB,1,19932.01,0.432584152
01/01/2014,26417.2,23337.9,3079.3,22882.65,455.2,SVB,1,23110.25,0.433626117
01/01/2015,39337.9,35286.1,4051.7,34834.77,451.4,SVB,1,35060.45,0.429987986
01/01/2016,44686.7,41353.5,3333.2,40556.77,796.7,SVB,1,40955.12,0.410350679
01/01/2017,44683.7,40906.6,3777,40110.92,795.7,SVB,1,40508.77,0.416020486
01/01/2018,51214.5,46895.1,4319.4,46199.56,695.5,SVB,1,46547.31,0.416854384
01/01/2019,56928,51663.1,5264.8,50966.67,696.5,SVB,1,51314.9,0.422328446
01/01/2020,71004.9,64383.8,6621.1,63861.78,522,SVB,1,64122.8,0.425918425
01/01/2021,115511,107077.5,8433.5,106025.88,1051.6,SVB,1,106551.7,0.412918298
03/31/2005,5541.7,4853,688.8,4657.13,195.8,SVB,3,4755.04,0.428634212
03/31/2006,5446.3,4721.8,724.5,4524.42,197.4,SVB,3,4623.1,0.430700883
03/31/2007,5847.9,4999.4,848.5,4646.25,353.2,SVB,3,4822.82,0.427149968
03/31/2008,6897.3,5949.4,947.9,5056.23,893.2,SVB,3,5502.82,0.400372156
03/31/2009,10958.8,9666.4,1292.4,8702.2,964.2,SVB,3,9184.28,0.409227383
03/31/2010,14125.2,12576.1,1549.2,11716.38,859.7,SVB,3,12146.23,0.414114881
03/31/2011,18618.3,16771.2,1847,15566.5,1204.7,SVB,3,16168.87,0.408347342
03/31/2012,20818.3,18475.6,2342.7,17873.8,601.8,SVB,3,18174.72,0.428755628
03/31/2013,22796,20133.9,2662.1,19676.75,457.2,SVB,3,19905.35,0.434216912
03/31/2014,29711,26344.1,3367,25889.29,454.8,SVB,3,26116.67,0.432663602
03/31/2015,39696,35418.8,4277.2,34615.84,802.9,SVB,3,35017.3,0.429064372
03/31/2016,43573.9,40062.9,3511,39266.29,796.6,SVB,3,39664.58,0.414262059
03/31/2017,46413.3,42509.9,3903.5,41714.42,795.5,SVB,3,42112.15,0.416208546
03/31/2018,53500.8,48941.1,4559.7,48245.33,695.7,SVB,3,48593.2,0.417237691
03/31/2019,60160.3,54676.5,5483.8,53807.3,869.2,SVB,3,54241.88,0.421033486
03/31/2020,75009.6,67826.4,7183.2,67285.38,541,SVB,3,67555.9,0.428670893
03/31/2021,142346.6,132225.8,10120.8,130600.25,1625.6,SVB,3,131413.04,0.410183911
06/30/2005,5307.8,4676.8,631,4479.32,197.5,SVB,6,4578.07,0.425449581
06/30/2006,5471.7,4750.5,721.2,4552.65,197.8,SVB,6,4651.57,0.430337366
06/30/2007,6605.1,5719,886.1,4880.88,838.1,SVB,6,5299.94,0.398825842
06/30/2008,7309.9,6333.4,976.5,5357.49,975.9,SVB,6,5845.43,0.397342175
06/30/2009,11465.9,10140.7,1325.2,9231.04,909.6,SVB,6,9685.86,0.410712992
06/30/2010,14904,13277,1627,12407.22,869.8,SVB,6,12842.13,0.415809074
06/30/2011,19366.7,17350.7,2016.1,16741.09,609.6,SVB,6,17045.89,0.422373634
06/30/2012,21289.8,18845.4,2444.3,18387.22,458.2,SVB,6,18616.33,0.433046154
06/30/2013,22153.9,19481.8,2672.1,19025.87,455.9,SVB,6,19253.84,0.434492853
06/30/2014,33309,29371,3938,28916.53,454.5,SVB,6,29143.76,0.435783514
06/30/2015,40236.1,37046.6,3189.5,36244.19,802.5,SVB,6,36645.42,0.412443402
06/30/2016,43132.7,39498.9,3633.8,38702.53,796.3,SVB,6,39100.7,0.417049992
06/30/2017,48400.4,44360.3,4040,43610.92,749.4,SVB,6,43985.63,0.416297009
06/30/2018,55867.7,51062.9,4804.8,50366.93,696,SVB,6,50714.92,0.417885275
06/30/2019,63773.7,58067.6,5706.2,57197.02,870.5,SVB,6,57632.29,0.420963792
06/30/2020,85731,78262.7,7468.3,77204.57,1058.1,SVB,6,77733.62,0.421983904
06/30/2021,163399,151432,11967,149321,2111,SVB,6,150376.5,0.411765579
09/30/2005,5369.1,4713.9,655.2,4517.67,196.2,SVB,9,4615.79,0.426673278
09/30/2006,5873.1,5120.6,752.5,4921.23,199.4,SVB,9,5020.93,0.430171616
09/30/2007,6304.1,5395.3,908.8,4539.95,855.4,SVB,9,4967.64,0.398951899
09/30/2008,8070.9,7015.3,1055.7,6033.35,981.9,SVB,9,6524.32,0.400776169
09/30/2009,12538.6,11145.8,1392.8,10279.08,866.7,SVB,9,10712.46,0.412362017
09/30/2010,15660.1,13963.8,1696.3,12737.96,1225.8,SVB,9,13350.87,0.409170272
09/30/2011,19195.4,17003,2192.3,16393.48,609.6,SVB,9,16698.26,0.428312026
09/30/2012,21576.9,19021.6,2555.3,18563.27,458.3,SVB,9,18792.43,0.434575376
09/30/2013,23740.9,20817.2,2923.6,20361.48,455.7,SVB,9,20589.35,0.43621078
09/30/2014,36041,32101,3940,31647.23,453.8,SVB,9,31874.11,0.431982717
09/30/2015,41731,38416.8,3314.2,37619.54,797.2,SVB,9,38018.15,0.412840607
09/30/2016,43274,39550.7,3723.3,38754.75,796,SVB,9,39152.73,0.417659301
09/30/2017,50754.3,46557,4197.3,45807.37,749.6,SVB,9,46182.18,0.415916227
09/30/2018,58139.7,53069.7,5070,52373.47,696.2,SVB,9,52721.58,0.418507736
09/30/2019,68231.2,62182.8,6048.5,61303.99,878.8,SVB,9,61743.38,0.421146306
09/30/2020,96916.8,88949.4,7967.4,87872.09,1077.3,SVB,9,88410.74,0.418770122
09/30/2021,190996,176327,14669,174012,2315,SVB,9,175169.5,0.413976475
01/01/2005,47133,42747,4386,42162,585,SCHW,1,42454.5,0.420494705
01/01/2006,47351,42901,4450,42439,462,SCHW,1,42670,0.421311997
01/01/2007,48992,43984,5008,43639,345,SCHW,1,43811.5,0.42640458
01/01/2008,42286,38554,3732,37655,899,SCHW,1,38104.5,0.415670271
01/01/2009,51675,47614,4061,46731,883,SCHW,1,47172.5,0.411957351
01/01/2010,75431,70358,5073,68846,1512,SCHW,1,69602,0.402528471
01/01/2011,92568,86342,6226,84336,2006,SCHW,1,85339,0.402361911
01/01/2012,108553,100839,7714,98838,2001,SCHW,1,99838.5,0.407938665
01/01/2013,133637,124048,9589,122416,1632,SCHW,1,123232,0.409953444
01/01/2014,143642,133261,10381,131358,1903,SCHW,1,132309.5,0.409144488
01/01/2015,154642,142839,11803,140940,1899,SCHW,1,141889.5,0.413502196
01/01/2016,183705,170303,13402,167426,2877,SCHW,1,168864.5,0.40986984
01/01/2017,223383,206962,16421,204086,2876,SCHW,1,205524,0.410322879
01/01/2018,243274,224749,18525,219996,4753,SCHW,1,222372.5,0.409837151
01/01/2019,296482,275812,20670,268934,6878,SCHW,1,272373,0.404583032
01/01/2020,294005,272260,21745,264436,7824,SCHW,1,268348,0.407944352
01/01/2021,549009,492949,56060,478648,14301,SCHW,1,485798.5,0.425574589
03/31/2005,46405,42130,4275,41553,577,SCHW,3,41841.5,0.419845301
03/31/2006,47622,42990,4632,42481,509,SCHW,3,42735.5,0.422128368
03/31/2007,47278,42343,4935,41956,387,SCHW,3,42149.5,0.427467455
03/31/2008,44551,40989,3562,40086,903,SCHW,3,40537.5,0.410705258
03/31/2009,54898,50597,4301,49781,816,SCHW,3,50189,0.412092056
03/31/2010,78337,72666,5671,71357,1309,SCHW,3,72011.5,0.406897899
03/31/2011,94883,88396,6487,86391,2005,SCHW,3,87393.5,0.40338388
03/31/2012,111482,103145,8337,101145,2000,SCHW,3,102145,0.410447992
03/31/2013,133324,123548,9776,121917,1631,SCHW,3,122732.5,0.41144003
03/31/2014,144066,133251,10815,131349,1902,SCHW,3,132300,0.411042822
03/31/2015,160169,148011,12158,145116,2895,SCHW,3,146563.5,0.410997811
03/31/2016,190998,176485,14513,173608,2877,SCHW,3,175046.5,0.412208164
03/31/2017,227061,210079,16982,206561,3518,SCHW,3,208320,0.410670235
03/31/2018,248320,228990,19330,224862,4128,SCHW,3,226926,0.411463013
03/31/2019,282815,261190,21625,253790,7400,SCHW,3,257490,0.408386348
03/31/2020,370779,344509,26270,335987,8522,SCHW,3,340248,0.408001731
03/31/2021,563457,507863,55594,490165,17698,SCHW,3,499014,0.421166665
06/30/2005,46475,42157,4318,41592,565,SCHW,6,41874.5,0.420278276
06/30/2006,46866,42264,4602,41798,466,SCHW,6,42031,0.422986263
06/30/2007,49004,43930,5074,43546,384,SCHW,6,43738,0.426982635
06/30/2008,48360,44469,3891,43587,882,SCHW,6,44028,0.411316612
06/30/2009,62261,57647,4614,56087,1560,SCHW,6,56867,0.405877792
06/30/2010,82295,76416,5879,75108,1308,SCHW,6,75762,0.407479025
06/30/2011,97572,90838,6734,88834,2004,SCHW,6,89836,0.404643287
06/30/2012,111816,102706,9110,100707,1999,SCHW,6,101706.5,0.415446811
06/30/2013,135907,126187,9720,124557,1630,SCHW,6,125372,0.409051689
06/30/2014,143401,132231,11170,130330,1901,SCHW,6,131280.5,0.413022626
06/30/2015,163627,151204,12423,149245,1959,SCHW,6,150224.5,0.412585953
06/30/2016,198052,183062,14990,180186,2876,SCHW,6,181624,0.412674303
06/30/2017,220601,203112,17489,199594,3518,SCHW,6,201353,0.413483673
06/30/2018,261882,241785,20097,235996,5789,SCHW,6,238890.5,0.409140262
06/30/2019,276321,255001,21320,246967,8034,SCHW,6,250984,0.408633024
06/30/2020,400484,369669,30815,361143,8526,SCHW,6,365406,0.412762769
06/30/2021,574532,517082,57450,498374,18708,SCHW,6,507728,0.422085867
09/30/2005,45373,41024,4349,40487,537,SCHW,9,40755.5,0.421675104
09/30/2006,47140,42506,4634,42065,441,SCHW,9,42285.5,0.423791721
09/30/2007,39309,35915,3394,35290,625,SCHW,9,35602.5,0.414960173
09/30/2008,52760,48697,4063,47816,881,SCHW,9,48256.5,0.409546648
09/30/2009,67984,63081,4903,61565,1516,SCHW,9,62323,0.405472374
09/30/2010,87298,81263,6035,79255,2008,SCHW,9,80259,0.404275468
09/30/2011,102906,95251,7655,93249,2002,SCHW,9,94250,0.40947963
09/30/2012,117658,108193,9465,106417,1776,SCHW,9,107305,0.415318303
09/30/2013,140211,130158,10053,128254,1904,SCHW,9,129206,0.408776282
09/30/2014,147444,135971,11473,134071,1900,SCHW,9,135021,0.41337419
09/30/2015,170402,157206,13196,154313,2893,SCHW,9,155759.5,0.412182901
09/30/2016,209337,193867,15470,190991,2876,SCHW,9,192429,0.411186882
09/30/2017,230714,212687,18027,209419,3268,SCHW,9,211053,0.413156785
09/30/2018,272102,251268,20834,245478,5790,SCHW,9,248373,0.40901568
09/30/2019,278987,257633,21354,250206,7427,SCHW,9,253919.5,0.409382561
09/30/2020,419355,388024,31331,380188,7836,SCHW,9,384106,0.411579827
09/30/2021,607548,550106,57442,530576,19530,SCHW,9,540341,0.418753937
